,AA,AC,AG,AT,CA,CC,CG,CT,GA,GC,GG,GT,TA,TC,TG,TT
"(-25,-24)",0.23962264150943394,0.330188679245283,0.17358490566037735,0.25660377358490566,0.21883656509695293,0.3462603878116344,0.05124653739612189,0.3836565096952909,0.23243243243243245,0.3027027027027027,0.2,0.2648648648648649,0.1266490765171504,0.28100263852242746,0.2638522427440634,0.32849604221635886
"(-24,-23)",0.2462526766595289,0.29978586723768735,0.1670235546038544,0.28693790149892934,0.22133333333333335,0.31466666666666665,0.07333333333333333,0.3906666666666667,0.2729528535980149,0.2655086848635236,0.21339950372208438,0.24813895781637718,0.1736842105263158,0.2947368421052632,0.24342105263157898,0.28815789473684217
"(-23,-22)",0.24474187380497134,0.32695984703632885,0.1682600382409178,0.26003824091778205,0.21357850070721357,0.3620933521923621,0.056577086280056574,0.36775106082036774,0.3118811881188119,0.24752475247524752,0.16584158415841585,0.2747524752475247,0.1126005361930295,0.31233243967828417,0.26541554959785524,0.3096514745308311
"(-22,-21)",0.22290388548057258,0.30879345603271985,0.1901840490797546,0.278118609406953,0.2131578947368421,0.3631578947368421,0.05,0.37368421052631584,0.25445292620865145,0.3155216284987278,0.178117048346056,0.25190839694656486,0.1151761517615176,0.3265582655826558,0.23577235772357724,0.32249322493224936
"(-21,-20)",0.20833333333333331,0.3530701754385964,0.16885964912280702,0.2697368421052631,0.18560606060606064,0.3573232323232323,0.056818181818181816,0.40025252525252525,0.248,0.3066666666666667,0.15733333333333333,0.288,0.12285336856010569,0.2747688243064729,0.24834874504623514,0.35402906208718626
"(-20,-19)",0.205607476635514,0.32710280373831774,0.1588785046728972,0.308411214953271,0.18513689700130379,0.3663624511082138,0.05215123859191655,0.39634941329856577,0.18428184281842816,0.3062330623306233,0.18428184281842816,0.3252032520325203,0.09803921568627451,0.30637254901960786,0.2573529411764706,0.3382352941176471
"(-19,-18)",0.16931216931216933,0.3015873015873016,0.15343915343915346,0.3756613756613757,0.16454081632653061,0.3775510204081633,0.058673469387755105,0.39923469387755106,0.20207253886010362,0.3471502590673575,0.16580310880829016,0.2849740932642487,0.08653846153846155,0.3161057692307692,0.2355769230769231,0.36177884615384615
"(-18,-17)",0.19533527696793004,0.2886297376093295,0.19825072886297376,0.3177842565597668,0.13382899628252787,0.3705080545229244,0.058240396530359353,0.43742255266418834,0.17307692307692307,0.3104395604395604,0.21153846153846154,0.3049450549450549,0.07736720554272518,0.30715935334872985,0.2413394919168591,0.3741339491916859
"(-17,-16)",0.22295081967213115,0.3311475409836066,0.12131147540983608,0.32459016393442625,0.12226512226512225,0.398970398970399,0.043758043758043756,0.435006435006435,0.17456359102244387,0.35162094763092266,0.16458852867830423,0.3092269326683292,0.08584169453734672,0.31438127090301005,0.21627647714604237,0.38350055741360095
"(-16,-15)",0.15161290322580642,0.36774193548387096,0.08387096774193548,0.39677419354838706,0.12829736211031176,0.38489208633093525,0.04196642685851319,0.4448441247002398,0.12084592145015105,0.3202416918429003,0.17522658610271902,0.3836858006042296,0.07513812154696133,0.33370165745856356,0.18011049723756908,0.41104972375690607
"(-15,-14)",0.16030534351145037,0.33587786259541985,0.08396946564885496,0.41984732824427484,0.11506524317912217,0.40688018979833923,0.04507710557532621,0.43297746144721233,0.07092198581560284,0.35106382978723405,0.16666666666666666,0.4113475177304965,0.051359516616314195,0.34944612286002014,0.20040281973816715,0.39879154078549844
"(-14,-13)",0.16666666666666666,0.319047619047619,0.05714285714285714,0.45714285714285713,0.10376282782212087,0.38654503990877986,0.05815279361459521,0.45153933865450396,0.09803921568627452,0.3169934640522876,0.16339869281045755,0.42156862745098045,0.06180344478216818,0.32421479229989864,0.16818642350557245,0.44579533941236066
"(-13,-12)",0.1566820276497696,0.2764976958525346,0.018433179723502308,0.5483870967741936,0.08019441069258809,0.3924665856622114,0.041312272174969626,0.4860267314702309,0.06451612903225806,0.34050179211469533,0.14695340501792115,0.44802867383512546,0.05937794533459,0.35626767200754,0.17530631479736097,0.4090480678605089
"(-12,-11)",0.1546961325966851,0.3093922651933702,0.044198895027624314,0.49171270718232046,0.09228971962616822,0.3563084112149532,0.030373831775700934,0.5210280373831776,0.07169811320754715,0.3018867924528302,0.18490566037735848,0.4415094339622641,0.06215213358070501,0.3181818181818182,0.16604823747680889,0.45361781076066787
"(-11,-10)",0.1295336787564767,0.43005181347150256,0.015544041450777202,0.42487046632124353,0.09056122448979592,0.36989795918367346,0.04081632653061225,0.4987244897959184,0.08396946564885496,0.32061068702290074,0.1450381679389313,0.45038167938931295,0.04820333041191937,0.36196319018404904,0.15687992988606483,0.4329535495179667
"(-10,-9)",0.1560693641618497,0.3410404624277456,1e-06,0.5028901734104047,0.07471264367816093,0.43448275862068964,0.03218390804597701,0.4586206896551724,0.05952380952380953,0.34920634920634924,0.17857142857142858,0.4126984126984127,0.06359447004608296,0.36129032258064514,0.18986175115207374,0.3852534562211981
"(-9,-8)",0.18181818181818182,0.38636363636363635,0.011363636363636364,0.42045454545454547,0.10032715376226826,0.44601962922573607,0.05016357688113413,0.40348964013086147,0.06093189964157706,0.3225806451612903,0.17562724014336917,0.44086021505376344,0.07142857142857142,0.4027777777777778,0.1884920634920635,0.33730158730158727
"(-8,-7)",0.16431924882629106,0.380281690140845,0.004694835680751174,0.4507042253521127,0.09352517985611512,0.4676258992805755,0.03186022610483042,0.40698869475847893,0.07665505226480836,0.39372822299651566,0.12195121951219512,0.4076655052264808,0.05622932745314223,0.3914002205071665,0.1565600882028666,0.3958103638368247
"(-7,-6)",0.17587939698492464,0.38190954773869346,0.020100502512562818,0.4221105527638191,0.0697211155378486,0.5258964143426295,0.029880478087649404,0.3745019920318725,0.09090909090909091,0.33971291866028713,0.1291866028708134,0.4401913875598087,0.045454545454545456,0.41012396694214875,0.09710743801652892,0.44731404958677684
"(-6,-5)",0.20833333333333334,0.3869047619047619,0.011904761904761906,0.39285714285714285,0.06809701492537314,0.5065298507462687,0.02332089552238806,0.40205223880597013,0.1096774193548387,0.2967741935483871,0.1935483870967742,0.39999999999999997,0.04568527918781726,0.28426395939086296,0.08629441624365482,0.5837563451776651
"(-5,-4)",0.4294117647058824,0.3058823529411765,0.10588235294117648,0.1588235294117647,0.28372591006423986,0.40685224839400425,0.10171306209850106,0.20770877944325483,0.2112676056338028,0.2887323943661972,0.3661971830985915,0.13380281690140844,0.13668430335097004,0.3051146384479718,0.31922398589065254,0.23897707231040566
"(-4,-3)",0.05736137667304016,0.7648183556405355,0.0019120458891013386,0.17590822179732316,0.042735042735042736,0.706959706959707,0.002442002442002442,0.24786324786324787,0.017077798861480076,0.8425047438330171,0.0018975332068311198,0.13851992409867173,0.04696673189823875,0.6575342465753425,1e-06,0.29549902152641877
"(-3,-2)",1.0,1e-06,1e-06,1e-06,1.0,1e-06,1e-06,1e-06,1.0,1e-06,1e-06,1e-06,1.0,1e-06,1e-06,1e-06
"(-2,-1)",1e-06,1e-06,1.0,1e-06,1e-06,1e-06,1e-06,1e-06,1e-06,1e-06,1e-06,1e-06,1e-06,1e-06,1e-06,1e-06
"(-1,1)",1e-06,1e-06,1e-06,1e-06,1e-06,1e-06,1e-06,1e-06,0.22857142857142856,0.13529411764705881,0.534453781512605,0.10168067226890756,1e-06,1e-06,1e-06,1e-06
"(1,2)",0.24632352941176472,0.21875000000000003,0.2224264705882353,0.3125,0.2142857142857143,0.2732919254658385,0.11180124223602485,0.4006211180124224,0.2358490566037736,0.1878930817610063,0.2672955974842767,0.3089622641509434,0.12809917355371903,0.12396694214876033,0.4214876033057851,0.32644628099173556
"(2,3)",0.31273408239700373,0.20224719101123595,0.22284644194756556,0.26217228464419473,0.2542016806722689,0.3277310924369748,0.09873949579831932,0.31932773109243695,0.2570951585976628,0.27378964941569284,0.1986644407345576,0.2704507512520868,0.17250324254215305,0.22827496757457846,0.3916990920881971,0.20752269779507132
"(3,4)",0.29391304347826086,0.2452173913043478,0.20869565217391306,0.25217391304347825,0.22350993377483444,0.3526490066225166,0.13245033112582782,0.29139072847682124,0.2879045996592845,0.22827938671209538,0.28449744463373083,0.19931856899488926,0.11074918566775242,0.31921824104234525,0.36156351791530944,0.20846905537459282
"(4,5)",0.3012939001848429,0.23105360443622922,0.26247689463955637,0.20517560073937155,0.2295321637426901,0.33625730994152053,0.12719298245614036,0.3070175438596492,0.34295415959252973,0.266553480475382,0.17657045840407468,0.21392190152801357,0.14664310954063606,0.24911660777385158,0.372791519434629,0.2314487632508834
"(5,6)",0.259504132231405,0.24297520661157027,0.30247933884297523,0.19504132231404958,0.2588055130168453,0.3491577335375191,0.09341500765696784,0.2986217457886677,0.2371323529411765,0.2886029411764706,0.2886029411764706,0.18566176470588236,0.12283737024221454,0.2647058823529412,0.4013840830449827,0.21107266435986158
